{
  "address": "45JnnKr8RUBcn6wXcGcHq2yyVNhKtZwZEB3mrXNeF1Vs",
  "metadata": {
    "name": "cavityproof",
    "version": "0.1.0",
    "spec": "0.1.0",
    "description": "Created with Anchor"
  },
  "instructions": [
    {
      "name": "claim_brush",
      "discriminator": [
        18,
        145,
        194,
        166,
        126,
        67,
        166,
        33
      ],
      "accounts": [
        {
          "name": "user",
          "writable": true,
          "signer": true
        },
        {
          "name": "user_state",
          "writable": true,
          "pda": {
            "seeds": [
              {
                "kind": "const",
                "value": [
                  117,
                  115,
                  101,
                  114
                ]
              },
              {
                "kind": "account",
                "path": "user"
              }
            ]
          }
        }
      ],
      "args": [
        {
          "name": "day",
          "type": "i64"
        }
      ]
    },
    {
      "name": "init_user",
      "discriminator": [
        14,
        51,
        68,
        159,
        237,
        78,
        158,
        102
      ],
      "accounts": [
        {
          "name": "user",
          "writable": true,
          "signer": true
        },
        {
          "name": "user_state",
          "writable": true,
          "pda": {
            "seeds": [
              {
                "kind": "const",
                "value": [
                  117,
                  115,
                  101,
                  114
                ]
              },
              {
                "kind": "account",
                "path": "user"
              }
            ]
          }
        },
        {
          "name": "system_program",
          "address": "11111111111111111111111111111111"
        }
      ],
      "args": []
    }
  ],
  "accounts": [
    {
      "name": "UserState",
      "discriminator": [
        72,
        177,
        85,
        249,
        76,
        167,
        186,
        126
      ]
    }
  ],
  "errors": [
    {
      "code": 6000,
      "name": "BadOwner",
      "msg": "Only the owner can claim."
    },
    {
      "code": 6001,
      "name": "AlreadyClaimedToday",
      "msg": "Already claimed for this day."
    },
    {
      "code": 6002,
      "name": "InvalidDay",
      "msg": "Day is invalid (must be >= last claimed day)."
    }
  ],
  "types": [
    {
      "name": "UserState",
      "type": {
        "kind": "struct",
        "fields": [
          {
            "name": "owner",
            "type": "pubkey"
          },
          {
            "name": "streak",
            "type": "u32"
          },
          {
            "name": "last_day_claimed",
            "type": "i64"
          },
          {
            "name": "total_claims",
            "type": "u32"
          }
        ]
      }
    }
  ]
}